r;Doomsday;Overseer;Wreckage
r;Born Too Slow;The Crystal Method;Legion of Boom
r;Out of Control;Rancid;Indestructible
r;Two-Line Blacktop;Rob Zombie;Past, Present & Future
r;Kimosabe;BT;
r;The Only;Static-X;Shadow Zone
r;Broken Promises;Element Eighty;Element Eighty
r;Fortress Europe;Asian Dub Foundation;Enemy of the Enemy
r;Invisible;Hotwire;The Routine
r;And the Hero Will Drown;Story of the Year;Page Avenue
r;The Wonders of You;Andy Hunter;Exodus
r;Action Radius;Junkie XL;Big Sounds of the Drags
r;Quarter;Fuel;Natural Selection
r;Sucked In;Jerk;When Pure is Defiled
r;Snapshot;Fluke;Puppy
r;Ride;lostprophets;Start Something
r;Supermoves;Overseer;Wreckage
r;Glitterball;FC Kahuna;Machine Says Yes
r;Swallow;Blindside;About a Burning Fire
m;Get Low;Lil Jon & the Eastside Boyz;Kings of Crunk
m;Smashing the Gas (Get Faster);Mystikal;Need for Speed Exclusive
m;Who's Who;Dilated Peoples;Neighborhood Watch
m;Keep It Coming;Nate Dogg;Need for Speed Exclusive
m;Body Rock;X-ecutioners;
m;Need For Speed;Petey Pablo;Need for Speed Exclusive
m;24's;T.I.;Trap Muzik
